[
  {
    "name": "Dastagir",
    "title": "Vacation",
    "text":"102.6 HOURS AVAILABLE, 48 hours scheduled",
    "img": "img/vacation.png",
    "time": "21 July",
    "prize": "200"
  },
  {
    "name": "John Smith",
    "title": "Sick",
    "text":"24 HOURS AVAILABLE, 8 hours scheduled",
    "img": "img/leave.png",
    "time": "12 August",
    "prize": "300"

  },
  {
    "name": "Yusof MD",
    "title": "Family Reason",
    "text":"0 DAYS USED",
    "img": "img/pic-9.png",
    "time": "01 Sept",
    "prize": "240"

  }
]