{
  "project_info": {
    "project_number": "938180107900",
    "project_id": "humanresources-75508",
    "storage_bucket": "humanresources-75508.appspot.com"
  },
  "client": [
    {
      "client_info": {
        "mobilesdk_app_id": "1:938180107900:android:e6bbaba87fc29ffc6c33f9",
        "android_client_info": {
          "package_name": "com.example.humanresources"
        }
      },
      "oauth_client": [
        {
          "client_id": "938180107900-rrgmsak923vt8fgh8kf0qg343rcpr37p.apps.googleusercontent.com",
          "client_type": 1,
          "android_info": {
            "package_name": "com.example.humanresources",
            "certificate_hash": "ecb8a84b9ba40848065cc887213352cbeaa2294a"
          }
        },
        {
          "client_id": "938180107900-qfjog74v0s57jvs0n02e37s3q6qc4el5.apps.googleusercontent.com",
          "client_type": 3
        }
      ],
      "api_key": [
        {
          "current_key": "AIzaSyCUXuHwAzHdJkwsDXT6RRinmNDp09NnyVo"
        }
      ],
      "services": {
        "appinvite_service": {
          "other_platform_oauth_client": [
            {
              "client_id": "938180107900-qfjog74v0s57jvs0n02e37s3q6qc4el5.apps.googleusercontent.com",
              "client_type": 3
            }
          ]
        }
      }
    }
  ],
  "configuration_version": "1"
}